Question,Answer
Which organ in the digestive system begins the process of digestion?,Mouth
What is the function of the esophagus in the digestive system?,Carries food from the mouth to the stomach
What organ produces acid and enzymes that break down food in the digestive system?,Stomach
Which organ in the digestive system absorbs nutrients into the bloodstream?,Small intestine
What organ in the digestive system absorbs water and forms waste?,Large intestine
Which organ in the digestive system produces bile to help digest fats?,Liver
What organ in the digestive system releases enzymes to help in digestion?,Pancreas
What is a fun fact about the small intestine in the digestive system?,The small intestine is about 6 meters long!
What is the conclusion about the digestive system?,The digestive system is crucial for breaking food into nutrients that fuel the body.
